JobID,Elapsed
35420499_1,15:49:23
35420499_2,15:49:23
35420499_3,15:49:23
35420499_4,15:49:23
35420499_5,15:49:23
35420499_6,15:49:23
35420499_7,15:49:23
35420499_8,15:49:23
35420499_9,15:49:23
35420499_10,15:49:23
35420499_11,15:49:23
35420499_12,15:49:23
35420499_13,15:49:23
35420499_14,15:49:23
35420499_15,15:49:23
35420499_16,15:49:23
35420499_17,15:49:23
35420499_18,15:49:23
35420499_19,15:49:23
35420499_20,15:49:23
35420499_21,15:49:23
35420499_22,15:49:23
35420499_23,15:49:23
35420499_24,15:49:23
35420499_25,15:49:23
35420499_26,15:49:06
35420499_27,15:49:06
35420499_28,15:49:06
35420499_29,15:49:06
35420499_30,15:49:06
35420499_31,15:49:06
35420499_32,15:49:06
35420499_33,15:49:06
35420499_34,15:49:06
35420499_35,15:49:06
35420499_36,15:49:06
35420499_37,15:49:06
35420499_38,15:49:06
35420499_39,15:49:06
35420499_40,15:49:06
35723045_7,1-00:00:10
35723045_21,04:35:07
35723045_22,04:35:10
35723045_29,04:35:13
35723045_31,06:32:48
35723045_32,06:32:48
35723045_33,06:32:48
35723045_34,06:32:48
35723045_35,1-00:00:10
35723045_36,1-00:00:10
35723045_37,1-00:00:10
35723045_38,1-00:00:10
35875558_26,02:48:01
35875558_30,02:48:01
35856614_32,1-00:00:06
35856614_33,1-00:00:06
