tree_id	rho	n_full	n_sampled	tree_full	tree_sampled
s1_c1	0.56	16	9	(((((216_1:8,216_2:8):38,(216_3:4,216_4:4):42):42,((216_5:1,216_6:1):41,216_7:43):46):46,((216_8:22,216_9:22):51,216_10:74):62):50,(((216_11:17,216_12:17):60,(216_13:31,216_14:31):46):51,((216_15:29,216_16:29):50,144_8:8):49):57);	((((1_2012212021:8,2_2112212021:8):38,(3_2112212021:4,4_2112212021:4):42):42,(5_0012212221:1,6_0012012221:1):87):46,((8_2120010021:22,9_2120010021:22):51,10_0112212221:74):62);
s1_c2	1	4	4	((144_1:50,144_2:50):53,(((216_1:29,216_2:29):51,(216_3:29,216_4:29):51):50,(144_5:9,144_6:9):50):43);	((1_2012210001:29,2_2012210001:29):51,(3_2212210001:29,4_2112210001:29):51);
s10_c1	1	12	12	((((216_1:35,216_2:35):47,(216_3:30,216_4:30):52):58,(205_5:57,205_6:57):73):49,(((216_5:23,216_6:23):57,(216_7:22,216_8:22):58):65,((216_9:22,216_10:22):55,(216_11:17,216_12:17):60):68):44);	(((1_1112212001:35,2_1112212001:35):47,(3_1112212001:30,4_1112212001:30):52):107,(((5_1102000001:23,6_2100012001:23):57,(7_1111111021:22,8_1111111021:22):58):65,((9_1111111121:22,10_1111111121:22):55,(11_1111111121:17,12_1111111121:17):60):68):44);
s10_c2	0.95	20	19	(((((216_1:5,216_2:5):47,(216_3:10,216_4:10):42):53,((216_5:5,216_6:5):52,(216_7:14,216_8:14):43):48):45,((216_9:41,216_10:41):54,(216_11:41,216_12:41):54):56):41,(((216_13:27,216_14:27):62,(216_15:29,216_16:29):60):62,((216_17:40,216_18:40):55,(216_19:40,216_20:40):55):56):41);	(((((1_1111211121:5,2_1111211121:5):47,(3_1112111121:10,4_1112111021:10):42):53,((5_0110212021:5,6_0110212021:5):52,(7_0110212111:14,8_0110212101:14):43):48):45,((9_1111111111:41,10_1111111111:41):54,(11_1111111121:41,12_1111111121:41):54):56):41,(((13_1111211021:27,14_1111211121:27):62,15_1111011001:89):62,((17_2110212011:40,18_2110111011:40):55,(19_1110011221:40,20_1120211221:40):55):56):41);
s10_c3	0.83	24	20	(((((216_1:18,216_2:18):44,(216_3:19,216_4:19):43):66,((216_6:7,216_5:7):50,(216_7:4,216_8:4):53):71):50,(((216_9:26,216_10:26):52,(216_11:25,216_12:25):53):58,((216_13:30,216_14:30):48,(216_15:28,216_16:28):50):58):42):33,((((216_17:33,216_18:33):41,(216_19:29,216_20:29):45):48,((216_21:6,216_22:6):68,(216_23:23,216_24:23):51):48):54,((214_25:40,212_26:38):89,187_18:103):46):35);	(((((1_2112211021:18,2_2112211021:18):44,(3_2112211021:19,4_2112211021:19):43):66,((5_2112211021:7,6_2112211021:7):50,(7_2112211021:4,8_2112211021:4):53):71):50,(12_1111111111:136,((13_2110211111:30,14_2110211111:30):48,(15_2111211121:28,16_2111211121:28):50):58):42):33,(((17_0011011221:33,18_1111011221:33):41,(19_1112011221:29,20_1112011221:29):45):48,((21_1110111121:6,22_2100211221:6):68,23_2112210021:74):48):89);
s10_c4	1	10	10	(((216_1:39,216_2:39):49,(216_3:44,216_4:44):44):68,(((216_5:4,216_6:4):37,(216_7:4,216_8:4):37):48,(216_9:39,216_10:39):51):66);	(((1_2120211221:39,2_2120212221:39):49,(3_2110100021:44,4_2110100021:44):44):68,(((5_1110112221:4,6_1110112221:4):37,(7_1110111221:4,8_1110111221:4):37):48,(9_0111111221:39,10_1111111221:39):51):66);
s10_c5	0.43	23	10	(((((216_1:8,216_2:8):42,(216_3:10,216_4:10):40):43,((216_5:15,216_6:15):36,(216_7:14,216_8:14):37):42):59,(((216_9:3,216_10:3):44,(216_11:2,216_12:2):45):48,(216_13:42,216_14:42):54):57):59,((((216_15:15,216_16:15):46,(216_17:3,216_18:3):58):47,144_6:38):53,(((216_19:8,216_20:8):50,216_21:59):48,(216_22:59,216_23:59):48):55):50);	(((1_2102111221:8,2_2102111221:8):42,(3_2102010221:10,4_2102010221:10):40):102,(((9_1112011121:3,10_1112011121:3):44,(11_1112010021:2,12_1112011021:2):45):48,(13_0210012201:42,14_0210012201:42):54):57);
s11_c1	1	6	6	((166_1:71,(216_1:61,216_2:61):59):65,((216_3:50,216_4:50):69,(216_5:48,216_6:48):71):66);	((1_2202210001:61,2_2202000001:61):124,((3_2221012200:50,4_2221012221:50):69,(5_2100000012:48,6_2020000001:48):71):66);
s12_c1	1	8	8	(((216_1:32,216_2:32):54,(216_3:33,216_4:33):53):49,((216_5:44,216_6:44):42,(216_7:46,216_8:46):40):49);	(((1_0101001001:32,2_2101101000:32):54,(3_2100101000:33,4_2100101000:33):53):49,((5_1101201221:44,6_2101001000:44):42,(7_1111001001:46,8_1111001021:46):40):49);
s12_c2	1	4	4	((144_1:53,((216_1:15,216_2:15):52,(216_3:22,216_4:22):45):56):56,(132_3:41,133_3:42):56);	((1_2102111000:15,2_2100111000:15):52,(3_2100101000:22,4_2100001000:22):45);
s12_c3	1	4	4	(((167_1:32,(205_1:1,205_2:1):68):56,(139_3:11,139_4:11):49):51,(((216_1:31,216_2:31):48,(216_3:30,216_4:30):49):60,144_5:69):48);	((1_2100111000:31,2_2100101000:31):48,(3_2100101000:30,4_2100101000:30):49);
s12_c4	0.91	22	20	(((((216_1:19,216_2:19):42,(216_3:20,216_4:20):41):46,((216_5:6,216_6:6):56,(216_7:17,216_8:17):45):45):52,115_3:61):52,((((216_9:12,216_10:12):51,207_10:55):59,((216_11:25,216_12:25):50,(216_13:28,216_14:28):47):47):46,(((216_15:32,216_16:32):44,(216_17:33,216_18:33):43):46,((216_19:29,216_20:29):49,(216_21:27,216_22:27):51):44):46):43);	((((1_0112211001:19,2_0102211001:19):42,(3_0122210001:20,4_0122211101:20):41):46,(7_2102211221:17,8_2002211221:17):90):104,(((9_2111111211:12,10_2111111111:12):110,((11_0122202200:25,12_0122211221:25):50,(13_0102211201:28,14_0102200201:28):47):47):46,(((15_2101101101:32,16_2121101101:32):44,(17_2101101221:33,18_2101101221:33):43):46,((19_2011210021:29,20_2101200021:29):49,(21_2111101001:27,22_2111101001:27):51):44):46):43);
s13_c1	0.85	46	39	(((((216_1:41,216_2:41):47,(216_3:38,216_4:38):50):49,((216_5:28,216_6:28):56,(216_7:30,216_8:30):54):53):48,(((216_9:24,216_10:24):50,(216_11:21,216_12:21):53):64,((216_13:35,216_14:35):48,(216_15:30,216_16:30):53):55):47):26,(((((216_17:24,216_18:24):34,(216_19:24,216_20:24):34):38,((216_21:27,216_22:27):32,(216_23:24,216_24:24):35):37):49,(((216_25:23,216_26:23):33,(216_27:19,216_28:19):37):41,((216_29:18,216_30:18):33,(216_31:16,216_32:16):35):46):48):43,((((216_33:4,216_34:4):40,(216_35:10,216_36:10):34):47,((216_37:13,216_38:13):38,(216_39:4,216_40:4):47):40):47,((216_41:14,216_42:14):79,((216_43:17,216_44:17):34,(216_45:18,216_46:18):33):41):46):50):22);	(((((1_2110101001:41,2_2112111221:41):47,(3_2100101000:38,4_2102110021:38):50):49,((5_2112111221:28,6_2112111221:28):56,(7_1111001211:30,8_1111001211:30):54):53):48,(((9_2112111211:24,10_0112210011:24):50,12_2112101000:74):64,((13_2000100021:35,14_2000100021:35):48,(15_2100101021:30,16_2100101021:30):53):55):47):26,(((((17_2111101021:24,18_2111101021:24):34,(19_2111101011:24,20_2111101011:24):34):38,((21_2111101021:27,22_2110101021:27):32,(23_2111101001:24,24_2112111001:24):35):37):49,(((25_1101001020:23,26_1111001000:23):33,(27_2102111000:19,28_1112011011:19):37):41,((29_1111101021:18,30_2100101021:18):33,(31_1112211011:16,32_1112211011:16):35):46):48):43,(((33_1122111121:4,34_1112011201:4):40,(35_1111201221:10,36_2101101000:10):34):94,((43_2112111001:17,44_2112111001:17):34,(45_2112111001:18,46_2112111000:18):33):87):50):22);
s13_c2	0.75	24	18	((((199_1:65,(216_1:39,216_2:39):42):45,((216_3:33,216_4:33):44,(216_5:34,216_6:34):43):49):44,(((216_7:37,216_8:37):44,(216_9:38,216_10:38):43):44,((216_11:35,216_12:35):45,(216_13:35,216_14:35):45):45):45):41,(((167_9:26,166_10:25):50,((216_15:19,216_16:19):53,190_17:47):52):46,(((216_17:6,216_18:6):37,(216_19:5,216_20:5):38):87,((216_21:12,216_22:12):53,(216_23:23,216_24:23):42):65):40):41);	((((1_1110001221:39,2_1110001221:39):87,((3_2110101221:33,4_2120101221:33):44,(5_2112111221:34,6_2112111221:34):43):49):44,(((7_2111101201:37,8_2111101201:37):44,(9_2112111201:38,10_2112111201:38):43):44,((11_2112111221:35,12_2112111221:35):45,(13_1112111221:35,14_2112111221:35):45):45):45):41,((15_2110101021:19,16_2110101021:19):151,(17_2100101000:130,24_2100101000:130):40):41);
s13_c3	0.75	12	9	((((216_1:31,216_2:31):46,(216_3:25,216_4:25):52):51,((216_5:39,216_6:39):44,(216_7:34,216_8:34):49):45):43,((216_9:40,216_10:40):69,(216_11:66,216_12:66):43):63);	(((1_0102011000:31,2_2002111000:31):97,((5_2102111021:39,6_2102111021:39):44,(7_2100101000:34,8_2002110021:34):49):45):43,(9_2100101000:109,(11_2100101000:66,12_2100101000:66):43):63);
s13_c4	0.79	24	19	((((216_12:57,216_13:57):79,(216_14:63,(216_15:11,216_16:11):51):73):45,(((216_17:4,216_18:4):69,(216_19:12,216_20:12):61):57,((216_21:12,216_22:12):63,(216_23:22,216_24:22):53):55):50):31,((((216_1:35,216_2:35):43,(216_3:24,216_4:24):54):53,((216_5:17,216_6:17):59,(216_7:21,216_8:21):55):55):45,((216_9:48,(216_10:0,216_11:0):47):61,190_8:84):68):35);	(((1_2102111000:136,(2_2100101000:11,3_2100101000:11):124):45,(((4_2121101121:4,5_2121101121:4):69,(6_2121101101:12,7_2121101101:12):61):57,((8_2211100221:12,13_2111101221:12):63,(15_2110101221:22,16_2111101221:22):53):55):50):31,(((17_2122111100:35,18_2122111100:35):43,(19_2122111100:24,20_2122111100:24):54):53,((21_0111001001:17,22_0111001001:17):59,(23_2101101001:21,24_0101001001:21):55):55):80);
s14_c2	0.94	16	15	((((216_1:14,216_2:14):44,(216_3:14,216_4:14):44):48,((216_5:18,216_6:18):44,(216_7:20,216_8:20):42):44):48,(((216_9:9,216_10:9):39,(216_11:10,216_12:10):38):50,((216_13:6,216_14:6):48,(216_15:17,216_16:17):37):44):56);	(((2_1100001000:58,(3_1100010000:14,4_1100001000:14):44):48,((5_1102111000:18,6_2100111000:18):44,(7_1100101000:20,8_1100001000:20):42):44):48,(((9_2120100100:9,10_2220102101:9):39,(11_2220102200:10,12_2100101000:10):38):50,((13_2020100101:6,14_2020100101:6):48,(15_2020100101:17,16_2020100101:17):37):44):56);
s14_c3	0.6	15	9	((((192_9:50,207_14:65):53,(184_11:27,183_12:26):68):48,((202_14:59,211_14:68):52,((195_13:9,195_14:9):44,(216_14:31,216_15:31):43):50):50):37,((((216_1:18,216_2:18):44,(216_3:18,216_4:18):44):47,((216_5:22,216_6:22):38,(216_7:17,216_8:17):43):49):56,(((216_9:9,216_10:9):53,216_11:63):49,(216_12:59,216_13:59):53):54):46);	(((1_2120101121:18,2_2120101121:18):91,((5_2110101210:22,6_2100101210:22):38,(7_2100101200:17,8_2100101200:17):43):49):56,((9_2100101000:9,10_2102111000:9):102,12_2100101000:112):54);
s14_c4	1	7	7	(79_1:53,(((201_1:10,216_1:25):59,(216_2:31,216_3:31):53):47,((216_4:23,216_5:23):63,(216_6:30,216_7:30):56):45):56);	((1_2110101021:84,(2_2112111021:31,3_2112111021:31):53):47,((4_2112111000:23,5_2102111000:23):63,(6_2102111000:30,7_2102111000:30):56):45);
s14_c5	0.93	27	25	(((111_1:42,(((216_1:17,216_2:17):41,(216_3:15,216_4:15):43):48,155_2:47):38):36,((((216_5:18,216_6:18):34,(216_7:15,216_8:15):37):46,((216_9:8,216_10:8):44,(216_11:12,216_12:12):40):46):44,(((216_13:13,206_13:3):46,(216_14:14,216_15:14):45):48,((216_16:10,216_17:10):52,(216_18:19,216_19:19):43):45):35):38):30,((147_7:65,((216_20:18,216_21:18):48,(216_22:15,216_23:15):51):66):46,(((216_24:15,216_25:15):52,(216_26:15,216_27:15):52):60,167_15:80):51):33);	((((1_2100101000:17,2_2100101000:17):41,(3_2100101000:15,4_2101101000:15):43):122,((((5_2100121000:18,6_2100121000:18):34,(7_2100121000:15,8_2000120000:15):37):46,((9_2122211121:8,10_2122111121:8):44,(11_2122111021:12,12_2112112021:12):40):46):44,((13_0112211200:59,(14_0112011200:14,15_0112011200:14):45):48,((16_2100111000:10,17_2100101000:10):52,19_2100101000:62):45):35):38):30,(((20_0112211200:18,21_0111011000:18):48,(22_2121101100:15,23_2121101100:15):51):112,((24_2110101000:15,25_2110101000:15):52,26_2210100001:67):111):33);
s14_c6	0.79	14	11	((96_1:39,96_2:39):50,((((216_1:4,216_2:4):39,216_3:44):55,(216_4:37,(216_5:1,216_6:1):35):62):56,(((216_7:8,216_8:8):36,(216_9:12,216_10:12):32):50,((216_11:2,216_12:2):41,(216_13:0,216_14:0):43):51):60):52);	((((1_2100101100:4,2_1101021101:4):39,3_2121121101:44):55,(4_0001200201:37,(5_1110001201:1,6_1110001201:1):35):62):56,(((7_2102211221:8,8_2112111221:8):36,(9_2102111221:12,10_2102111221:12):32):50,14_2100101000:94):60);
s15_c1	0.93	14	13	((((216_1:17,216_2:17):70,(216_3:30,216_4:30):57):56,((216_5:36,216_6:36):56,(216_7:39,216_8:39):53):51):45,(((216_9:23,216_10:23):56,(216_11:28,216_12:28):51):53,((216_13:25,216_14:25):51,195_14:56):56):56);	(((2_2102111000:87,(3_2100101000:30,4_0100001000:30):57):56,((5_0122011101:36,6_0112011201:36):56,(7_0122011101:39,8_0112011201:39):53):51):45,(((9_1212210021:23,10_0112011021:23):56,(11_2212110021:28,12_2212110021:28):51):53,(13_0110201021:25,14_0110201021:25):107):56);
s15_c2	1	19	19	((((216_1:41,216_2:41):65,(216_3:45,216_4:45):61):60,(((216_5:4,216_6:4):51,(216_7:2,216_8:2):53):54,((216_9:8,216_10:8):52,(216_11:6,216_12:6):54):49):56):41,((216_13:79,(216_14:16,216_15:16):62):78,((216_16:28,216_17:28):59,(216_18:27,216_19:27):60):69):51);	((((1_1111001011:41,2_1111101001:41):65,(3_2111101221:45,4_2112111201:45):61):60,(((5_1101001221:4,6_1111001001:4):51,(7_2111101221:2,8_2111101201:2):53):54,((9_2222112101:8,10_2222112101:8):52,(11_2212110000:6,12_2202110000:6):54):49):56):41,((13_2110101001:79,(14_0110201001:16,15_0110201001:16):62):78,((16_2100101000:28,17_1111001001:28):59,(18_2112111000:27,19_2100101000:27):60):69):51);
s15_c3	0.62	8	5	((117_1:43,((214_1:29,213_2:28):56,190_3:62):53):46,(((216_1:49,216_2:49):45,(216_3:46,216_4:46):48):46,((216_5:25,216_6:25):64,(216_7:43,216_8:43):46):51):46);	(((1_2102111000:49,2_1102211000:49):45,(3_1122211100:46,4_1102111200:46):48):46,8_1122211101:140);
s15_c4	0.93	15	14	((((216_1:11,216_2:11):46,216_3:58):66,((216_4:9,216_5:9):48,(216_6:15,216_7:15):42):66):56,(((216_8:20,216_9:20):44,(216_10:21,216_11:21):43):58,((216_12:24,216_13:24):48,(216_14:22,216_15:22):50):50):57);	(((1_2001120012:11,2_2001120012:11):112,((4_2100121100:9,5_2120121100:9):48,(6_2120121100:15,7_2120121100:15):42):66):56,(((8_0122011121:20,9_2102111000:20):44,(10_2122111221:21,11_2122111221:21):43):58,((12_2102111221:24,13_2102111221:24):48,(14_2112111221:22,15_2102112221:22):50):50):57);
s15_c5	0.83	12	10	((117_1:45,123_1:51):43,(((216_1:6,216_2:6):83,(216_3:22,216_4:22):67):54,(((216_5:7,216_6:7):40,(216_7:13,216_8:13):34):47,((216_9:13,216_10:13):34,(216_11:13,216_12:13):34):47):48):42);	((3_0102011000:22,4_2102101000:22):121,(((5_2100111200:7,6_2102111201:7):40,(7_2102111201:13,8_2102111201:13):34):47,((9_2112111201:13,10_2112111201:13):34,(11_2112111001:13,12_2112111001:13):34):47):48);
s15_c6	0.71	17	12	(((194_1:84,175_2:65):49,(216_1:97,(216_2:47,216_3:47):49):58):54,((((216_4:16,216_5:16):42,(216_6:13,216_7:13):45):44,(216_8:53,216_9:53):50):60,(((216_10:6,216_11:6):46,(216_12:13,216_13:13):39):53,((216_14:13,216_15:13):44,(216_16:1,216_17:1):56):48):57):45);	((((4_0201000021:16,5_0201000021:16):42,(6_0201000021:13,7_0201000021:13):45):44,(8_0100001012:53,9_0100001012:53):50):60,(((10_0102111000:6,11_0121201121:6):46,(12_0121201121:13,13_0121201121:13):39):53,(14_0100001000:13,15_0100001000:13):92):57);
s15_c7	0.97	30	29	(((((216_1:20,216_2:20):47,(216_3:13,216_4:13):54):51,((216_5:22,216_6:22):39,(216_7:15,216_8:15):46):57):43,(((216_9:9,216_10:9):54,(216_11:14,216_12:14):49):46,((216_13:18,216_14:18):45,(216_15:22,216_16:22):41):46):52):50,((216_17:124,((216_18:31,216_19:31):49,(216_20:38,216_21:38):42):42):48,((((216_22:1,216_23:1):42,216_24:44):39,(216_25:39,216_26:39):44):46,((216_27:42,216_28:42):41,(216_29:36,216_30:36):47):46):41):41);	(((((1_1111101001:20,2_1111001011:20):47,(3_1111001011:13,4_1111001011:13):54):51,((5_1111101000:22,6_1111001011:22):39,(7_1111101011:15,8_1111001011:15):46):57):43,(((9_1111001011:9,10_1111001000:9):54,(11_1111101001:14,12_1111001011:14):49):46,(14_1111001001:63,(15_1101001000:22,16_2100101000:22):41):46):52):50,((17_1110001011:124,((18_1101001211:31,19_1111001011:31):49,(20_1111001200:38,21_1111001200:38):42):42):48,((((22_1111001211:1,23_1111001211:1):42,24_1111001211:44):39,(25_2101101000:39,26_1111001211:39):44):46,((27_1111001011:42,28_2100001000:42):41,(29_2100001000:36,30_1111001011:36):47):46):41):41);
s15_c8	1	20	20	(((((216_1:0,216_2:0):49,(216_3:9,216_4:9):40):44,((216_5:0,216_6:0):43,(216_7:2,216_8:2):41):50):54,((216_9:49,(216_10:0,216_11:0):48):46,(216_12:44,216_13:44):51):53):50,((((216_14:7,216_15:7):40,(216_16:7,216_17:7):40):49,((216_18:3,216_19:3):44,216_20:48):49):51,(163_7:37,172_13:46):59):50);	(((((1_2122111121:0,2_2122111121:0):49,(3_2102111201:9,4_2122111121:9):40):44,((5_2112111201:0,6_2112111201:0):43,(7_2112111201:2,8_2112111201:2):41):50):54,((9_2112211221:49,(10_2112111221:0,11_2112111221:0):48):46,(12_2112111201:44,13_2112111201:44):51):53):50,(((14_1110001221:7,15_1110001221:7):40,(16_1110001201:7,17_1100001001:7):40):49,((18_1112111221:3,19_2102111000:3):44,20_1112011221:48):49):101);
s16_c1	0.81	26	21	((((216_1:60,216_2:60):47,(216_3:57,(216_4:0,216_5:0):56):50):57,(((216_6:9,216_7:9):52,(216_8:10,216_9:10):51):48,((216_10:0,216_11:0):51,(216_12:2,216_13:2):49):58):54):46,((((216_14:16,216_15:16):52,216_16:69):52,((216_17:13,216_18:13):54,(216_19:20,216_20:20):47):53):48,((216_21:55,216_22:55):55,((216_23:7,216_24:7):43,(216_25:6,216_26:6):44):59):59):41);	((1_2100101000:164,(((6_1111101020:9,7_1111001021:9):52,(8_1101001000:10,9_2101111000:10):51):48,((10_1112111002:0,11_2100001000:0):51,(12_1112011001:2,13_2102111000:2):49):58):54):46,((((14_1212011021:16,15_1211101021:16):52,16_2100101000:69):52,((17_0112211021:13,18_0112011021:13):54,(19_2100101221:20,20_1100201221:20):47):53):48,(21_1111001011:110,((23_1111001000:7,24_1111101011:7):43,(25_1111001011:6,26_1111001011:6):44):59):59):41);
s16_c2	0.67	9	6	((((216_1:33,216_2:33):55,(216_3:16,216_4:16):72):60,((216_5:45,216_6:45):50,(216_7:45,(216_8:0,216_9:0):44):50):53):52,(127_5:65,127_6:65):48);	(1_2100101000:148,((5_2102111021:45,6_2112111021:45):50,(7_2212110021:45,(8_2212110021:0,9_2212110021:0):44):50):53);
s16_c3	0.58	12	7	(((216_1:18,216_2:18):124,(216_3:38,216_4:38):104):60,((((216_5:11,216_6:11):46,(216_7:13,216_8:13):44):45,((216_9:21,216_10:21):37,(216_11:18,216_12:18):40):44):47,(168_7:54,170_7:56):49):51);	(((1_2100101000:18,2_2100101000:18):124,(3_1101001100:38,4_2100101000:38):104):60,(10_0102011000:58,(11_1112011021:18,12_1112011021:18):40):142);
s16_c4	0.9	10	9	(((216_1:64,216_2:64):58,((216_3:13,216_4:13):50,(216_5:12,216_6:12):51):58):51,(((216_7:21,216_8:21):44,(216_9:20,216_10:20):45):55,(214_11:32,214_12:32):87):52);	((1_2100101000:122,((3_2120101100:13,4_2120101100:13):50,(5_2120101120:12,6_2120101121:12):51):58):51,((7_0001200200:21,8_0001200200:21):44,(9_0011200200:20,10_0011200200:20):45):107);
s16_c5	1	10	10	((((216_1:13,216_2:13):54,(216_3:2,216_4:2):65):53,(206_4:53,208_4:55):58):55,((216_5:60,216_6:60):62,((216_7:3,216_8:3):46,(216_9:4,216_10:4):45):72):54);	(((1_0220002121:13,2_0220002121:13):54,(3_0220002121:2,4_0220002121:2):65):108,((5_2100101000:60,6_2100101000:60):62,((7_0102211221:3,8_0102211220:3):46,(9_0122211121:4,10_0122211121:4):45):72):54);
s16_c6	0.8	25	20	(((((216_1:2,216_2:2):36,(216_3:5,216_4:5):33):43,((216_5:1,216_6:1):36,216_7:38):44):55,(((216_8:2,216_9:2):38,216_10:41):46,((216_11:4,216_12:4):35,(216_13:2,216_14:2):37):47):50):51,(((216_15:34,216_16:34):45,(216_17:37,(216_18:1,216_19:1):35):42):56,((216_20:12,216_21:12):74,((216_22:7,216_23:7):32,(216_24:9,216_25:9):30):46):49):53);	((((1_2100101000:38,3_2100101000:38):43,(6_2100101000:37,7_2100101000:38):44):55,(((8_0002010221:2,9_0002010221:2):38,10_0002010221:41):46,((11_0002010220:4,12_0102010221:4):35,(13_0002010221:2,14_0002010221:2):37):47):50):51,(((15_0012012201:34,16_0012012201:34):45,(17_0012012201:37,18_0112011201:36):42):56,((20_0022012101:12,21_0022012101:12):74,((22_0012012201:7,23_0012012201:7):32,24_0012012201:39):46):49):53);
s16_c7	1	9	9	((((216_2:42,216_3:42):64,(216_4:43,216_5:43):63):64,((216_6:48,216_7:48):54,(216_8:41,216_9:41):61):68):42,(((212_1:38,216_1:42):66,193_3:86):65,106_2:65):39);	((((1_2101101201:42,2_0121201121:42):64,(3_2102111000:43,4_2102101000:43):63):64,((5_2100111000:48,6_0100001000:48):54,(7_2100101001:41,8_2100101001:41):61):68):42,9_0200000021:212);
s16_c8	1	11	11	((((216_1:16,216_2:16):46,(216_3:19,216_4:19):43):56,((216_5:10,216_6:10):47,(216_7:1,216_8:1):56):61):56,(150_3:57,(216_9:61,(216_10:15,216_11:15):45):61):53);	((((1_2102111221:16,2_2102111211:16):46,(3_2102111011:19,4_2102111011:19):43):56,((5_1110001221:10,6_1110001221:10):47,(7_1111201221:1,8_1111201221:1):56):61):56,(9_1122011111:61,(10_1122011111:15,11_1122011111:15):45):114);
s16_c9	1	4	4	(((215_1:99,(204_2:16,209_2:21):71):61,((216_1:30,216_2:30):63,(216_3:33,216_4:33):60):67):52,(((210_6:48,211_6:49):52,186_9:77):59,140_7:91):47);	((1_2212110021:30,2_2212110021:30):63,(3_2222111121:33,4_2102111021:33):60);
s17_c1	1	20	20	(((((216_8:34,216_9:34):45,183_11:47):45,((216_10:26,216_11:26):53,(216_12:32,216_13:32):47):45):42,(((216_14:22,216_15:22):54,(216_16:19,207_17:10):57):43,((216_17:16,216_18:16):59,(216_19:26,216_20:26):49):44):47):45,(((216_1:46,192_2:22):54,(216_2:48,216_3:48):52):67,((216_4:43,216_5:43):67,(216_6:46,216_7:46):64):57):45);	((((1_2101001000:34,2_1111001000:34):90,((3_2102101000:26,4_2111101021:26):53,(5_1112011020:32,6_2102111221:32):47):45):42,(((7_1102211001:22,8_1112211200:22):54,9_0102211000:76):43,((10_1101001201:16,11_1111001201:16):59,(12_2100101020:26,13_2011102221:26):49):44):47):45,((14_1100001000:100,(15_1112011021:48,16_0102011021:48):52):67,((17_2102111000:43,18_1111001010:43):67,(19_1110201021:46,20_1102011221:46):64):57):45);
s18_c1	0.94	16	15	((((216_1:21,216_2:21):59,(216_3:6,216_4:6):74):58,((216_5:16,216_6:16):63,(216_7:15,216_8:15):64):59):50,(((216_9:25,216_10:25):54,(216_11:30,216_12:30):49):51,((216_13:30,216_14:30):52,(216_15:34,216_16:34):48):48):58);	((((1_0111001211:21,2_0111001211:21):59,(3_0112011000:6,4_2102011000:6):74):58,((5_1111001201:16,6_1111001201:16):63,(7_1111001201:15,8_1111001201:15):64):59):50,(((9_1110201001:25,10_1111201001:25):54,(11_0112211001:30,12_0101201001:30):49):51,(14_1110001211:82,(15_0111001211:34,16_2100101000:34):48):48):58);
s18_c2	1	21	21	(((((216_1:19,216_2:19):55,(216_3:15,216_4:15):59):52,(184_3:31,184_4:31):64):49,(((216_5:30,216_6:30):52,(216_7:35,216_8:35):47):48,((216_9:37,216_10:37):47,(216_11:40,216_12:40):44):46):45):36,(((216_13:75,(216_14:24,216_15:24):50):48,(214_16:59,(216_16:9,216_17:9):51):62):50,((190_15:46,187_16:43):44,((216_18:30,216_19:30):42,(216_20:34,216_21:34):38):43):57):39);	((((1_2112111221:19,2_2112111221:19):55,(3_2102111000:15,4_2102111221:15):59):101,(((5_0102011000:30,6_0112011011:30):52,(7_2102111200:35,8_2102111221:35):47):48,((9_2122111111:37,10_2102111211:37):47,(11_2102111000:40,12_2112111211:40):44):46):45):36,(((13_1000002221:75,(14_1000000221:24,15_1000000221:24):50):48,(16_1000000021:9,17_1100000021:9):113):50,((18_1100001000:30,19_2100101000:30):42,(20_1110001211:34,21_1110001211:34):38):100):39);
s19_c1	0.86	14	12	((((216_1:43,216_2:43):50,(216_3:42,216_4:42):51):43,((216_5:32,216_6:32):57,(216_7:33,216_8:33):56):47):46,(((216_9:12,216_10:12):42,(216_11:9,216_12:9):45):58,((214_13:6,214_14:6):47,(216_13:5,216_14:5):50):57):70);	((((1_0100000022:43,2_0000000022:43):50,(3_0000001022:42,4_0000000022:42):51):43,((5_0100000222:32,6_0000000222:32):57,(7_0000000222:33,8_0000000222:33):56):47):46,((9_1101001011:12,10_1111001011:12):42,(11_1111101011:9,12_1111001011:9):45):128);
s19_c2	0.83	18	15	(((155_1:32,160_1:37):52,((209_1:30,216_1:37):55,(216_2:20,216_3:20):72):52):58,((((216_4:19,216_5:19):40,(216_6:21,216_7:21):38):42,((216_8:17,216_9:17):37,(216_10:9,216_11:9):45):47):44,((216_12:48,(216_13:11,216_14:11):36):50,((216_15:8,216_16:8):45,(216_17:13,216_18:13):40):44):48):56);	(2_2120101101:202,((((4_2020102101:19,5_2020102101:19):40,(6_2120102101:21,7_2020102101:21):38):42,((8_2020102101:17,9_2020102101:17):37,(10_2020102101:9,11_2020102101:9):45):47):44,((13_2120101100:11,14_2100101000:11):86,((15_0100201001:8,16_0100201001:8):45,(17_0100201001:13,18_0100201001:13):40):44):48):56);
s19_c3	0.7	10	7	(((216_1:86,216_2:86):62,(194_3:62,213_3:81):64):46,(((216_3:33,216_4:33):55,(216_5:38,216_6:38):50):56,((216_7:35,216_8:35):52,(216_9:37,216_10:37):50):57):49);	(2_1111101001:194,((3_0111001221:88,(5_2111101011:38,6_1111001011:38):50):56,((7_1112201201:35,8_1111101000:35):52,9_1101001001:87):57):49);
s19_c4	0.88	16	14	((((216_1:36,216_2:36):47,(216_3:24,216_4:24):59):49,((216_5:25,216_6:25):48,(216_7:23,216_8:23):50):59):47,(((216_9:25,216_10:25):42,(216_11:23,216_12:23):44):63,((216_13:39,216_14:39):42,(216_15:35,216_16:35):46):49):49);	((((1_2111101000:36,2_2100101000:36):47,(3_1111101001:24,4_2102011000:24):59):49,((5_2100101000:25,6_2100101000:25):48,(7_2100101000:23,8_1101101001:23):50):59):47,((9_1101001000:25,10_1111101001:25):105,((13_2111101000:39,14_2100101000:39):42,(15_1111001001:35,16_1111001011:35):46):49):49);
s2_c1	0.74	46	34	((((((216_15:16,216_16:16):46,(216_17:17,216_18:17):45):47,((216_19:13,216_20:13):45,(216_21:11,216_22:11):47):51):51,(((216_23:6,216_24:6):48,(216_25:8,216_26:8):46):45,((216_27:13,216_28:13):41,(216_29:10,216_30:10):44):45):61):39,((((216_31:12,216_32:12):39,(216_33:13,216_34:13):38):46,((216_35:7,216_36:7):40,(216_37:4,216_38:4):43):50):56,(((216_39:7,216_40:7):37,(216_41:4,216_42:4):40):49,((216_43:8,216_44:8):42,(216_45:4,216_46:4):46):43):60):46):11,((((216_1:40,(216_2:3,216_3:3):36):49,((216_4:1,216_5:1):36,(216_6:2,216_7:2):35):51):55,(((216_8:2,216_9:2):40,216_10:43):48,((216_11:3,216_12:3):43,(216_13:1,216_14:1):45):44):53):49,(177_8:92,171_7:86):64):18);	((((((1_1111011221:16,3_1111011201:16):46,6_1111011221:62):47,((7_1110111221:13,8_1110111221:13):45,(9_1110111121:11,10_1110111121:11):47):51):51,(11_1112111111:99,(12_1111111211:54,(13_1111111211:10,14_1111111211:10):44):45):61):39,(((15_1111111111:12,16_1111111111:12):85,(18_1112111121:7,19_1112111121:7):90):56,(((20_0111211001:7,21_0111211001:7):37,(22_1111111101:4,26_1110111021:4):40):49,((27_1110212021:8,29_1110212021:8):42,(30_2222210021:4,31_2222110000:4):46):43):60):46):11,(((32_1112111021:40,35_1102111200:39):49,(36_1100000000:2,39_1100100000:2):86):55,(((40_1110111221:2,41_1110111221:2):40,42_1110111221:43):48,((43_1110111221:3,44_1110111221:3):43,(45_1110111221:1,46_1100111221:1):45):44):53):67);
s2_c10	0.63	19	12	(((((216_1:6,216_2:6):43,(216_3:8,216_4:8):41):44,((216_5:5,216_6:5):41,(216_7:5,216_8:5):41):47):49,((216_9:38,216_10:38):53,216_11:92):52):46,(((216_12:29,216_13:29):56,(216_14:36,216_15:36):49):53,((216_16:31,216_17:31):47,(216_18:29,216_19:29):49):60):51);	(((((1_0220010221:6,2_0220010221:6):43,(3_0220010221:8,4_0220010221:8):41):44,(5_0020010221:5,6_0020010221:5):88):49,((9_0100000020:38,10_0100000020:38):53,11_0100000020:92):52):46,(13_2122110000:85,(14_2122112200:36,15_2122112200:36):49):104);
s2_c2	0.81	16	13	((((216_1:33,216_2:33):48,(216_3:28,216_4:28):53):50,((216_5:29,216_6:29):49,(216_7:31,216_8:31):47):53):51,(((216_9:35,216_10:35):43,(216_11:29,216_12:29):49):50,((216_13:18,216_14:18):46,(216_15:18,216_16:18):46):64):54);	((((1_1112210221:33,2_1112210221:33):48,(3_1102210221:28,4_2112210221:28):53):50,(7_1000000221:31,8_1000000221:31):100):51,(((9_2122011221:35,10_2122011221:35):43,(11_2022011221:29,12_2122011221:29):49):50,(13_2122011221:64,(15_2100111221:18,16_2100111221:18):46):64):54);
s2_c4	0.77	13	10	((((216_1:33,216_2:33):55,(216_3:37,216_4:37):51):50,128_3:52):63,(((216_5:27,216_6:27):61,(216_7:23,216_8:23):65):58,((216_9:47,216_10:47):48,(216_11:48,(216_12:0,216_13:0):47):47):51):55);	(((1_2122212001:33,2_2122211221:33):55,4_2122210001:88):113,((5_2111212021:88,(7_2112211021:23,8_2112211021:23):65):58,((9_2112211001:47,10_2112111001:47):48,(11_2111112021:48,13_2111211021:47):47):51):55);
s2_c5	0.69	13	9	((((216_1:13,216_2:13):46,(216_3:12,216_4:12):47):80,(216_5:69,(216_6:20,216_7:20):48):71):52,((216_8:91,216_9:91):54,((216_10:34,216_11:34):54,(216_12:32,216_13:32):56):56):47);	((((1_2111211221:13,2_2111211221:13):46,4_1112001001:59):80,(5_0112011221:69,7_2112112221:68):71):52,((10_2111012221:34,11_2111011221:34):54,(12_2111212221:32,13_2211212221:32):56):103);
s2_c6	0.74	35	26	(((((216_1:43,216_2:43):42,(211_3:28,212_3:29):52):50,((216_3:32,204_6:20):52,(216_4:26,216_5:26):58):51):63,((((216_6:5,216_7:5):43,(216_8:6,216_9:6):42):47,(216_10:45,216_11:45):51):54,(((216_12:7,216_13:7):48,216_14:56):41,(216_15:39,216_16:39):58):53):48):13,(((((216_17:31,216_18:31):44,(216_19:31,216_20:31):44):35,((216_21:24,210_23:18):38,(216_22:14,216_23:14):48):48):38,(211_26:97,((216_24:13,216_25:13):41,(216_26:17,216_27:17):37):46):48):38,((((193_27:0,216_28:23):3,216_29:27):71,(199_30:37,208_31:46):44):47,((216_30:45,216_31:45):54,((216_32:6,216_33:6):41,(216_34:7,216_35:7):40):51):46):42):24);	((4_1111211221:198,(((6_0112110211:5,7_0112110211:5):43,(8_0110111211:6,9_0110111211:6):42):47,(10_0111011221:45,11_0110011221:45):51):102):13,(((((17_0000111111:31,18_0000111111:31):44,(19_0000111111:31,20_0000111111:31):44):35,(21_0000111111:62,(22_0000111121:14,23_0000111121:14):48):48):38,((24_0000211121:13,25_0000211121:13):41,(26_0000111121:17,27_0100111121:17):37):94):38,((28_2111211111:26,29_1111211101:27):118,((30_1112211200:45,31_1112211221:45):54,((32_0112111221:6,33_0112110221:6):41,(34_2112111221:7,35_2112111201:7):40):51):46):42):24);
s2_c8	0.44	25	11	((((216_1:50,(216_2:3,216_3:3):46):55,((216_4:1,216_5:1):55,(216_6:10,216_7:10):46):48):46,(((216_8:11,216_9:11):51,(216_10:16,216_11:16):46):46,((216_12:10,216_13:10):54,(216_14:8,216_15:8):56):44):42):47,(((216_16:61,(216_17:5,216_18:5):55):45,((216_19:0,216_20:0):54,216_21:55):51):47,((216_22:35,216_23:35):67,(216_24:40,216_25:40):62):51):45);	(((1_2111111101:50,(2_1112211101:3,3_0111211101:3):46):55,((4_0111211221:1,5_0111211221:1):55,(6_0000100021:10,7_0000100021:10):46):48):46,((12_2022111221:10,13_2002111221:10):54,(14_0110111221:8,15_0120111221:8):56):86);
s2_c9	0.59	22	13	(((216_1:49,216_2:49):84,((216_3:29,216_4:29):62,(216_5:35,216_6:35):56):41):39,((((216_7:10,216_8:10):40,(216_9:13,216_10:13):37):39,((216_11:6,216_12:6):44,(216_13:14,216_14:14):36):39):40,(((216_15:15,216_16:15):34,(216_17:10,216_18:10):39):39,((216_19:12,216_20:12):37,(216_21:14,216_22:14):35):39):41):41);	(((8_0112210201:50,(9_0112211201:13,10_0112211201:13):37):39,((11_0102211221:6,12_0112211201:6):44,13_0112211201:50):39):40,((15_1000111221:49,(17_1000111221:10,18_1000111221:10):39):39,((19_1112111221:12,20_1112111221:12):37,(21_1112111221:14,22_1112111221:14):35):39):41);
s20_c1	0.82	11	9	((100_1:13,100_2:13):43,((((216_1:5,216_2:5):35,(216_3:5,216_4:5):35):37,((216_5:1,216_6:1):36,216_7:38):40):32,((216_8:25,216_9:25):42,(216_10:30,216_11:30):37):43):60);	((((1_1110002211:5,2_1110001211:5):35,(3_1110001211:5,4_2102101000:5):35):37,7_1111001201:78):32,((8_1110201201:25,9_1110201201:25):42,(10_1110001201:30,11_2100101001:30):37):43);
s20_c2	0.9	21	19	((((216_1:54,216_2:54):54,((216_3:3,216_4:3):52,216_5:56):52):46,(((216_6:8,216_7:8):51,(216_8:6,216_9:6):53):48,((216_10:12,216_11:12):47,(216_12:14,216_13:14):45):48):46):42,(((216_14:35,216_15:35):49,(216_16:38,216_17:38):46):56,((216_18:36,216_19:36):52,(216_20:40,216_21:40):48):52):56);	(((1_1111001011:108,((3_1111001011:3,4_1111001011:3):52,5_1111001011:56):52):46,(((6_1111101011:8,7_1111011011:8):51,(8_1111101011:6,9_1111001011:6):53):48,(11_1111001011:59,(12_1111001011:14,13_1111001011:14):45):48):46):42,(((14_1112011011:35,15_1111101011:35):49,(16_1111001011:38,17_1111001011:38):46):56,((18_1111001011:36,19_1111101011:36):52,(20_2101101001:40,21_1111001011:40):48):52):56);
s20_c3	1	8	8	((99_1:20,99_2:20):43,(((216_1:14,216_2:14):69,(216_3:22,216_4:22):61):52,((216_5:31,216_6:31):54,(216_7:33,216_8:33):52):50):43);	(((1_2100101000:14,2_0100001000:14):69,(3_2102111000:22,4_2100101020:22):61):52,((5_2112111201:31,6_1112011201:31):54,(7_2122111221:33,8_2112111221:33):52):50);
s20_c4	0.91	11	10	((((216_1:36,216_2:36):66,(216_3:22,216_4:22):80):52,(((216_5:16,216_6:16):48,(216_7:18,216_8:18):46):44,((213_9:3,213_10:3):53,(216_9:11,216_10:11):48):49):45):43,((179_7:62,(189_8:18,192_8:21):53):49,((216_11:38,215_12:37):53,(215_13:34,215_14:34):56):56):50);	(((1_1112211001:36,2_1112211001:36):66,(3_0122211101:22,4_0122211101:22):80):52,(((5_2100101000:16,6_2100101000:16):48,(7_2100101000:18,8_2100101000:18):46):44,(9_2100101000:11,10_2100101000:11):97):45);
s20_c5	1	14	14	((((193_1:57,186_2:50):60,(216_1:79,212_2:75):61):47,(((216_2:38,216_3:38):50,(210_5:24,216_4:30):58):54,(216_5:85,216_6:85):58):44):25,(((216_7:89,215_8:88):53,((216_8:34,216_9:34):51,216_10:86):56):42,((183_15:57,187_15:61):54,((216_11:24,216_12:24):60,(216_13:23,216_14:23):61):59):40):28);	((1_2000100000:187,(((2_2202112221:38,3_2202112221:38):50,4_2202112221:88):54,(5_0122211221:85,6_2122111221:85):58):44):25,((7_0102212101:142,((8_2112111221:34,9_2102111200:34):51,10_2212111221:86):56):42,((11_0122011221:24,12_0112011221:24):60,(13_0110001201:23,14_0110001201:23):61):99):28);
s20_c6	0.57	21	12	(((((216_1:14,216_2:14):44,(216_3:5,216_4:5):53):64,(216_5:72,(216_6:8,216_7:8):63):51):43,((216_8:49,216_9:49):61,(216_10:58,216_11:58):52):56):45,((154_6:62,(195_9:60,(216_12:39,216_13:39):41):42):44,(((216_14:21,216_15:21):50,(216_16:25,216_17:25):46):53,((216_18:31,216_19:31):49,(216_20:36,216_21:36):44):44):42):44);	((((1_0222010100:14,2_0122011100:14):44,(3_0112211200:5,4_0112011200:5):53):107,((8_2101101001:49,9_2111101011:49):61,(10_1111101011:58,11_1111201001:58):52):56):45,((12_1222010102:39,13_1202010002:39):127,(16_0112011200:124,19_2112111221:124):42):44);
s20_c7	0.5	6	3	(((216_1:47,(216_2:0,216_3:0):46):116,((205_3:35,203_4:33):57,166_3:54):59):49,(((216_4:38,216_5:38):59,216_6:98):61,(165_6:37,165_7:37):71):53);	(1_2100101021:212,(4_0110201221:38,5_2100101000:38):173);
s21_c1	0.93	14	13	((((216_1:34,216_2:34):60,(216_3:43,216_4:43):51):58,((216_5:38,216_6:38):46,(216_7:31,216_8:31):53):68):43,(((216_9:38,216_10:38):45,(216_11:31,216_12:31):52):71,((216_13:14,216_14:14):53,207_15:59):87):41);	((((1_0000000021:34,2_0000000021:34):60,(3_0000000021:43,4_0000000021:43):51):58,(5_2100101000:84,(7_2100101001:31,8_2100001001:31):53):68):43,(((9_2100101000:38,10_2100101000:38):45,(11_0100001000:31,12_2100101000:31):52):71,(13_2100101000:14,14_0100001000:14):140):41);
s21_c3	0.69	16	11	((((216_1:21,216_2:21):60,(216_3:22,216_4:22):59):57,((216_5:25,216_6:25):59,(216_7:32,216_8:32):52):54):48,(((216_9:29,216_10:29):67,(216_11:24,216_12:24):72):51,((216_13:36,216_14:36):60,(216_15:36,216_16:36):60):51):39);	((3_1111001001:138,(5_2112111011:84,(7_1111101011:32,8_1111001011:32):52):54):48,(((9_2112111211:29,10_1111001001:29):67,(11_0112011012:24,12_1112011012:24):72):51,((13_1111201001:36,14_1122111121:36):60,16_2100101000:96):51):39);
s21_c4	1	32	32	(((((216_1:16,216_2:16):43,(216_3:17,216_4:17):42):46,((216_5:22,216_6:22):39,(216_7:20,216_8:20):41):44):48,(((216_9:16,216_10:16):40,(216_11:14,216_12:14):42):49,((216_13:8,216_14:8):44,(216_15:10,216_16:10):42):53):48):45,((((216_17:14,216_18:14):40,(216_19:13,216_20:13):41):47,((216_21:5,216_22:5):48,(216_23:0,216_24:0):53):48):51,(((216_25:21,216_26:21):42,(216_27:15,216_28:15):48):45,((216_29:22,216_30:22):43,(216_31:18,216_32:18):47):43):44):46);	(((((1_2110101021:16,2_2110101021:16):43,(3_2110101021:17,4_2110101021:17):42):46,((5_2100101221:22,6_2100101221:22):39,(7_2100101221:20,8_2100101221:20):41):44):48,(((9_0112011012:16,10_0112011012:16):40,(11_0112011012:14,12_0112011012:14):42):49,((13_0112011012:8,14_0112011012:8):44,(15_0112011012:10,16_0112011012:10):42):53):48):45,((((17_2121101100:14,18_2111101201:14):40,(19_0111001221:13,20_0111001221:13):41):47,((21_0122211121:5,22_0122211121:5):48,(23_2212112221:0,24_2212112221:0):53):48):51,(((25_2100101000:21,26_2112111211:21):42,(27_2112111211:15,28_2112111211:15):48):45,((29_0122211221:22,30_0122211111:22):43,(31_1121101111:18,32_1121001111:18):47):43):44):46);
s21_c5	0.59	22	13	((((216_1:44,216_2:44):53,162_2:44):48,((216_3:50,216_4:50):52,(206_5:42,(216_5:6,216_6:6):45):50):43):50,((((216_7:24,216_8:24):40,(216_9:25,216_10:25):39):46,((216_11:27,216_12:27):44,(216_13:26,216_14:26):45):39):45,(((216_15:9,216_16:9):48,(216_17:12,216_18:12):45):46,((216_19:6,216_20:6):47,(216_21:13,216_22:13):40):50):52):39);	(((1_2111101221:44,2_1112211000:44):101,((3_0110101001:50,4_1110001021:50):52,5_2100101000:101):43):50,((((7_1111001201:24,8_1111001221:24):40,(9_1111001221:25,10_1111001221:25):39):46,(11_2112111221:71,(13_1111001221:26,14_1111001201:26):45):39):45,22_2100101000:155):39);
s3_c1	0.53	19	10	(((((216_1:20,216_2:20):33,(216_3:13,216_4:13):40):39,(216_5:42,(216_6:1,216_7:1):40):51):52,144_3:75):47,((((216_8:1,216_9:1):44,(216_10:3,216_11:3):42):47,((216_12:12,216_13:12):37,(216_14:6,216_15:6):43):43):53,((216_16:35,216_17:35):46,(216_18:20,216_19:20):61):65):46);	((4_0120111100:92,(5_1120111100:42,7_1120111101:41):51):99,(((8_1101001201:1,9_1111001201:1):91,(13_0111011101:49,14_0111011001:49):43):53,(16_2102011221:81,(18_2102011221:20,19_2102011221:20):61):65):46);
s3_c3	1	10	10	(((216_1:28,216_2:28):50,(216_3:27,216_4:27):51):58,(((216_5:10,216_6:10):35,(216_7:8,216_8:8):37):42,(216_9:38,216_10:38):50):48);	(((1_1112001011:28,2_1112111211:28):50,(3_0112111211:27,4_1112111211:27):51):58,(((5_2110211021:10,6_2110211021:10):35,(7_2110211021:8,8_2110211021:8):37):42,(9_1111212021:38,10_1111212121:38):50):48);
s3_c5	1	10	10	((((216_1:28,216_2:28):60,(216_3:30,216_4:30):58):59,((216_5:27,216_6:27):59,(211_7:24,211_8:24):57):61):49,(126_3:53,((216_7:6,216_8:6):65,(216_9:13,216_10:13):58):70):55);	((((1_0201000201:28,2_0101000000:28):60,(3_0201010201:30,4_0201010201:30):58):59,(5_2122211021:27,6_2202011221:27):120):49,((7_0112210021:6,8_0112211021:6):65,(9_0100011021:13,10_0112011021:13):58):125);
s4_c1	0.5	16	8	((((184_5:37,196_5:49):47,(195_6:43,205_8:53):52):47,(((216_9:6,216_10:6):46,(216_11:11,216_12:11):41):50,((216_13:11,216_14:11):43,(216_15:11,216_16:11):43):48):60):49,((((216_1:12,216_2:12):36,(216_3:7,216_4:7):41):53,((216_5:12,216_6:12):41,(216_7:18,216_8:18):35):48):64,99_2:51):46);	(((9_2121212001:6,10_2121212001:6):46,(11_2121211201:11,12_2121211201:11):41):50,((13_2122111221:11,14_2122111221:11):43,(15_2122111221:11,16_2122111221:11):43):48);
s4_c10	0.57	21	12	((((216_1:42,216_2:42):43,((216_3:5,216_4:5):38,(216_5:2,216_6:2):41):41):45,(169_3:33,163_4:27):51):51,((((216_7:8,216_8:8):35,216_9:44):40,((216_10:6,216_11:6):37,(216_12:9,216_13:9):34):40):48,(((216_14:2,216_15:2):39,(216_16:6,216_17:6):35):42,((216_18:0,216_19:0):37,(216_20:0,216_21:0):37):46):48):49);	((4_1111111111:43,(5_1111111111:2,6_1111111111:2):41):137,(((7_1111111001:8,8_1111111111:8):75,10_1111111111:83):48,(((14_2111111111:2,15_2111111111:2):39,16_2111111111:41):42,((18_2111111111:0,19_2111111111:0):37,21_2111111111:37):46):48):49);
s4_c3	0.58	24	14	(((((216_1:11,216_2:11):46,(216_3:7,216_4:7):50):63,((216_5:9,216_6:9):51,(216_7:8,216_8:8):52):60):56,(((216_9:1,216_10:1):57,(216_11:8,216_12:8):50):66,((216_13:1,216_14:1):55,216_15:57):68):52):35,(((216_16:54,(216_17:0,216_18:0):53):64,((216_19:9,216_20:9):50,(216_21:13,216_22:13):46):58):54,((201_13:6,202_13:7):58,(216_23:28,216_24:28):51):93):40);	((((9_2112012221:1,10_2112012221:1):57,(11_2112212221:8,12_2112212221:8):50):66,((13_1122012001:1,14_1122012001:1):55,15_0122012201:57):68):87,((16_0122012000:54,(17_0122012000:0,18_0122012000:0):53):64,((19_2112212211:9,20_2112212211:9):50,(21_2112202201:13,22_2112212211:13):46):58):94);
s4_c4	0.71	7	5	((114_1:30,115_1:31):53,(((216_1:19,216_2:19):48,(216_3:18,216_4:18):49):60,((216_5:20,216_6:20):44,(211_7:9,216_7:14):50):63):56);	((3_1111111011:18,4_1111111111:18):109,((5_2111111211:20,6_2111111211:20):44,7_2111111121:64):63);
s4_c5	0.41	22	9	((131_1:76,(((216_1:4,216_2:4):60,(216_3:10,216_4:10):54):39,(209_4:44,216_5:51):53):55):53,(((((216_6:3,216_7:3):34,216_8:38):38,(216_9:31,216_10:31):45):45,((216_11:25,216_12:25):45,(216_13:21,216_14:21):49):51):48,(((216_15:17,216_16:17):44,(216_17:27,216_18:27):34):49,((216_19:13,216_20:13):43,(216_21:23,216_22:23):33):54):59):42);	(4_1111111111:211,(((15_0112012201:17,16_0110012201:17):44,(17_0120012201:27,18_0120012201:27):34):49,((19_2220212201:13,20_2220212201:13):43,(21_2120212201:23,22_2120212201:23):33):54):101);
s4_c6	1	15	15	(((((216_1:15,216_2:15):48,(216_3:10,216_4:10):53):43,((216_5:16,216_6:16):46,(216_7:22,216_8:22):40):44):44,((216_9:53,(216_10:9,216_11:9):43):49,((216_12:2,216_13:2):50,(216_14:7,216_15:7):45):49):49):43,(105_3:48,106_3:49):37);	((((1_0222212201:15,2_0222212201:15):48,(3_0222212201:10,4_0222212201:10):53):43,((5_0222002201:16,6_0222002201:16):46,(7_0222002201:22,8_0222002201:22):40):44):44,((9_0122212201:53,(10_0122212201:9,11_0122212201:9):43):49,((12_0122212201:2,13_0122212201:2):50,(14_0122012201:7,15_0122212201:7):45):49):49);
s4_c7	0.25	16	4	(((((216_1:26,216_2:26):34,(216_3:25,216_4:25):35):36,(176_3:18,175_4:17):39):38,(185_3:62,((216_5:18,216_6:18):35,(216_7:20,216_8:20):33):38):43):45,(((216_9:12,216_10:12):37,(216_11:12,216_12:12):37):38,((216_13:19,216_14:19):29,(216_15:14,216_16:14):34):39):93);	((1_1111111111:26,2_1111111111:26):153,(10_1111111111:49,11_1111111001:49):131);
s5_c1	0.9	10	9	(((191_1:31,(216_1:16,216_2:16):39):55,((216_3:23,216_4:23):39,(216_5:18,216_6:18):44):48):53,(((216_7:15,216_8:15):40,(216_9:9,216_10:9):46):60,158_5:59):48);	((1_0111111111:110,((3_1110111101:23,4_1111211101:23):39,(5_1111111101:18,6_1111111101:18):44):48):53,((7_2112211201:15,8_2112111121:15):40,(9_2110011000:9,10_2110011000:9):46):108);
s5_c10	0.81	32	26	(((((216_1:10,216_2:10):42,(216_3:10,216_4:10):42):47,((216_5:7,216_6:7):37,(216_7:3,216_8:3):41):55):56,(((216_9:37,216_10:37):36,(216_11:29,216_12:29):44):42,((216_13:24,216_14:24):46,(216_15:15,216_16:15):55):45):40):50,((((216_17:31,216_18:31):45,(216_19:30,216_20:30):46):44,((216_21:32,216_22:32):44,(216_23:32,216_24:32):44):44):38,(((216_25:21,216_26:21):44,(216_27:20,216_28:20):45):50,((216_29:22,216_30:22):44,(216_31:21,216_32:21):45):49):43):47);	(((((1_0000000221:10,2_0000000221:10):42,(3_0000000221:10,4_0000000221:10):42):47,(5_0000010021:7,6_0000010021:7):92):56,((13_0112211221:24,14_0112211221:24):46,(15_0112212221:15,16_0112212221:15):55):85):50,((((17_2112011221:31,18_2112011221:31):45,(19_2112011221:30,20_2112011221:30):46):44,((21_2112011221:32,22_2112011221:32):44,(23_2112011221:32,24_2112011221:32):44):44):38,(((25_2112210000:21,26_2112000201:21):44,(27_2112211201:20,28_2112211201:20):45):50,((29_2000212000:22,30_2000212000:22):44,(31_2000212021:21,32_2000212021:21):45):49):43):47);
s5_c11	1	8	8	((151_1:20,151_2:20):64,(((216_1:20,216_2:20):41,(216_3:19,216_4:19):42):39,((216_5:13,216_6:13):40,(216_7:10,216_8:10):43):47):47);	(((1_0222000000:20,2_0222000000:20):41,(3_0222000000:19,4_0222000000:19):42):39,((5_0112000000:13,6_0112000000:13):40,(7_0122000000:10,8_0122000000:10):43):47);
s5_c12	0.9	30	27	(((132_1:33,132_2:33):53,((200_1:56,198_2:54):44,((216_1:8,216_2:8):43,(216_3:2,216_4:2):49):64):53):43,(((((216_5:11,216_6:11):38,(216_7:10,216_8:10):39):40,((216_9:12,216_10:12):40,(216_11:16,216_12:16):36):37):38,(((216_13:10,216_14:10):34,(216_15:2,216_16:2):42):40,((216_17:0,216_18:0):45,(216_19:6,216_20:6):39):39):43):42,(((216_21:39,216_22:39):45,(216_23:35,216_24:35):49):43,(((216_25:6,216_26:6):36,(216_27:2,216_28:2):40):39,(216_29:37,216_30:37):45):45):43):41);	(((1_0122210221:8,2_0122210221:8):43,(3_0212210221:2,4_0212210221:2):49):160,(((((5_2102120202:11,6_2102120202:11):38,(7_2102120202:10,8_2102120202:10):39):40,(9_2102000000:52,12_2202000000:52):37):38,(((13_2102212202:10,14_2102212202:10):34,(15_2102212101:2,16_2102212101:2):42):40,(17_2102210101:45,(19_2102210101:6,20_2102210101:6):39):39):43):42,(((21_2100001201:39,22_2100001201:39):45,(23_0100001201:35,24_1100001201:35):49):43,(((25_2100002001:6,26_2100002001:6):36,(27_2100002001:2,28_2100002001:2):40):39,(29_2100002001:37,30_2100002001:37):45):45):43):41);
s5_c13	0.42	19	8	((((216_16:33,216_17:33):59,(216_18:26,216_19:26):66):59,104_4:41):61,((((216_1:6,216_2:6):44,(216_3:1,216_4:1):49):45,((216_5:0,216_6:0):48,(216_7:6,216_8:6):42):47):54,((216_9:47,(216_10:0,216_11:0):46):48,((216_12:4,216_13:4):46,(216_14:7,216_15:7):43):44):55):62);	(1_2112211101:212,(((2_2112001211:6,7_2112001211:6):89,(8_1111111101:6,13_1111111111:6):89):54,(14_1112111111:50,(15_1111111111:7,16_1111111111:7):43):99):62);
s5_c2	0.75	16	12	((((216_1:21,216_2:21):43,(216_3:22,216_4:22):42):56,((216_5:26,216_6:26):42,(216_7:27,216_8:27):41):52):47,(((216_9:22,216_10:22):38,(216_11:20,216_12:20):40):60,((216_13:28,216_14:28):36,(216_15:27,216_16:27):37):56):47);	((((1_1111111111:21,2_1111111111:21):43,(3_1111111211:22,4_1111111211:22):42):56,((5_1111111211:26,6_1111111211:26):42,7_1111111211:68):52):47,((9_1011111011:22,10_1111111011:22):98,((13_1111111111:28,14_1111111111:28):36,15_1111111111:64):56):47);
s5_c3	0.74	35	26	((((((216_1:5,216_2:5):37,(216_3:4,216_4:4):38):38,((216_5:3,216_6:3):34,(216_7:2,216_8:2):35):43):37,(166_3:28,166_4:28):41):46,(((216_9:25,216_10:25):44,(216_11:29,216_12:29):40):53,((216_13:26,216_14:26):41,(216_15:26,216_16:26):41):55):42):47,(((((216_17:5,216_18:5):36,(216_19:5,216_20:5):36):40,((216_21:5,216_22:5):36,216_23:42):40):48,(185_13:58,((216_24:4,216_25:4):38,(216_26:9,216_27:9):33):45):42):40,(((216_28:25,216_29:25):40,(216_30:16,216_31:16):49):58,((216_32:22,216_33:22):40,(216_34:23,216_35:23):39):61):47):41);	(((((1_0122212021:5,2_0122212021:5):37,(3_0122212021:4,4_0022212021:4):38):38,((5_0122211021:3,6_0122211021:3):34,(7_0122211011:2,8_0122211011:2):35):43):83,(((9_0111211021:25,10_0111001001:25):44,12_2110111001:69):53,((13_2111211221:26,14_2111111221:26):41,(15_2111111221:26,16_2111111221:26):41):55):42):47,((((17_2112111111:5,18_0012111111:5):76,23_2110000000:82):48,((24_1011211101:4,25_1112211101:4):38,(26_1111211221:9,27_1111011221:9):33):87):40,(((28_0111111221:25,29_1111111221:25):40,31_0101111121:65):58,33_1112212121:123):47):41);
s5_c4	0.56	16	9	((((216_1:40,(216_2:2,216_3:2):37):45,(216_4:32,(216_5:0,216_6:0):31):53):52,((215_6:31,215_7:31):48,(216_7:26,216_8:26):54):57):61,(((216_9:1,216_10:1):83,(216_11:17,216_12:17):67):59,((216_13:23,216_14:23):52,(216_15:21,216_16:21):54):68):55);	(((1_0102010021:40,(2_0102010021:2,3_0102010021:2):37):45,(4_0202010021:32,(5_0202010021:0,6_0202010021:0):31):53):113,((13_2102011001:23,14_2102011001:23):52,16_2112012001:75):123);
s5_c5	0.78	18	14	((((216_1:37,216_2:37):43,(212_3:35,211_4:34):41):45,((216_3:30,216_4:30):43,(216_5:32,216_6:32):41):52):52,((((216_7:1,216_8:1):37,216_9:39):48,(216_10:34,216_11:34):53):46,((216_12:38,(216_13:2,216_14:2):35):46,((216_15:3,216_16:3):35,(216_17:4,216_18:4):34):45):49):44);	(((1_2112212011:37,2_2112212011:37):88,((3_0112111201:30,4_2112111221:30):43,(5_1111111201:32,6_1111111221:32):41):52):52,(((7_0112211221:1,8_0112211221:1):85,(10_2112211221:34,11_2112211221:34):53):46,((12_1211212000:38,(13_1211212000:2,14_1211212201:2):35):46,15_2112212221:83):49):44);
s5_c6	0.75	4	3	(((216_1:14,216_2:14):96,(216_3:18,216_4:18):92):84,104_2:84);	(1_1211212201:110,(3_2112010221:18,4_2112010221:18):92);
s5_c7	0.66	47	31	(((((216_1:40,216_2:40):48,(216_3:21,216_4:21):67):62,((216_5:42,216_6:42):49,((216_7:1,216_8:1):42,216_9:44):47):59):42,((((216_10:8,216_11:8):39,(216_12:14,216_13:14):33):46,((216_14:10,216_15:10):37,(216_16:11,216_17:11):36):46):58,((216_18:40,216_19:40):63,(209_19:29,215_20:35):67):49):40):19,(((((216_20:21,216_21:21):39,(216_22:17,216_23:17):43):46,((216_24:18,216_25:18):45,(216_26:19,216_27:19):44):43):44,((216_28:32,216_29:32):63,(216_30:47,216_31:47):48):56):43,((((216_32:13,216_33:13):39,(216_34:12,216_35:12):40):49,((216_36:11,216_37:11):41,(216_38:11,216_39:11):41):49):47,(((216_40:15,216_41:15):44,(216_42:21,216_43:21):38):45,((216_44:19,216_45:19):40,(216_46:19,216_47:19):40):45):44):45):17);	(((3_0112211221:21,4_2222212000:21):171,(((10_2111212121:8,11_2111212121:8):39,(12_2111212121:14,13_2111212121:14):33):46,17_2121212221:93):98):19,((((20_2110211201:21,21_2110211201:21):39,(22_2110211201:17,23_2110211201:17):43):46,((24_2212212221:18,25_2212212221:18):45,(26_2112212221:19,27_2112212221:19):44):43):87,((((32_0012211000:13,33_0012211000:13):39,(34_0012211000:12,35_0012211000:12):40):49,((36_0012211000:11,37_0012211000:11):41,(38_0012211000:11,39_0012211000:11):41):49):47,(((40_0112210000:15,41_0112210000:15):44,(42_0112211221:21,43_0112211221:21):38):45,((44_0112211221:19,45_0112211221:19):40,(46_0112212221:19,47_0112212221:19):40):45):44):45):17);
s5_c9	0.86	7	6	(((216_1:30,216_2:30):48,(216_3:26,216_4:26):52):53,((216_5:28,216_6:28):55,216_7:84):48);	(((1_2021020221:30,2_2021020221:30):48,3_2011020221:78):53,((5_1222212201:28,6_1222212201:28):55,7_1222012201:84):48);
s6_c1	1	8	8	((((216_1:30,216_2:30):48,(216_3:18,216_4:18):60):42,((216_5:24,216_6:24):50,(216_7:19,216_8:19):55):46):53,((144_5:1,144_6:1):50,145_5:53):51);	(((1_2122212001:30,2_2102212001:30):48,(3_2022212001:18,4_2012212001:18):60):42,((5_2112212001:24,6_2102212001:24):50,(7_2122212001:19,8_2122212001:19):55):46);
s6_c2	0.27	11	3	(((144_1:27,144_2:27):40,(144_3:21,((216_1:0,216_2:0):41,(216_3:0,216_4:0):41):50):46):42,((144_5:11,(216_5:36,216_6:36):46):50,((216_7:34,216_8:34):48,(216_9:41,(216_10:6,216_11:6):34):41):50):48);	(6_2102001201:132,(7_0111211211:82,10_0111111001:81):50);
s6_c3	0.79	28	22	(((((216_1:7,216_2:7):42,(216_3:13,216_4:13):36):45,((216_5:3,216_6:3):40,216_7:44):51):48,((216_8:53,(216_9:8,216_10:8):44):47,((216_11:0,216_12:0):54,(216_13:11,216_14:11):43):45):43):50,((((216_15:5,216_16:5):41,216_17:47):50,(216_18:54,(216_19:3,216_20:3):50):43):44,(((216_21:6,216_22:6):42,(216_23:1,216_24:1):47):47,((216_25:5,216_26:5):39,(216_27:6,216_28:6):38):51):45):52);	(((((1_1111101011:7,2_1111111111:7):42,(3_1111111211:13,4_1111111211:13):36):45,(6_1111111121:43,7_2111111111:44):51):48,((8_1111111111:53,(9_1111111111:8,10_1111111111:8):44):47,(12_1111111101:54,14_1111111111:54):45):43):50,(((16_1111111111:46,17_1111110111:47):50,(18_1111111111:54,(19_1111111111:3,20_1111111111:3):50):43):44,(((21_1111111111:6,22_1111111111:6):42,(23_1111111111:1,24_1111111111:1):47):47,(25_1111111111:44,28_1111111111:44):51):45):52);
s7_c1	0.72	25	18	(((((216_1:18,216_2:18):38,(216_3:19,216_4:19):37):51,((216_5:29,216_6:29):35,(216_7:26,216_8:26):38):43):45,(((216_9:16,216_10:16):42,(216_11:22,216_12:22):36):50,((216_13:31,216_14:31):39,(216_15:28,216_16:28):42):38):44):55,(((216_17:41,216_18:41):52,(216_19:39,216_20:39):54):53,((216_21:33,216_22:33):58,((216_23:3,216_24:3):38,216_25:42):49):55):62);	(((((1_2120000221:18,2_2120000221:18):38,(3_2102002221:19,4_2102002221:19):37):51,((5_2112210221:29,6_2110001221:29):35,(7_2112211221:26,8_2112211221:26):38):43):45,(((9_0122210201:16,10_0122211201:16):42,(11_0122211000:22,12_0122212000:22):36):50,((13_0122212221:31,14_0122210221:31):39,(15_0122211200:28,16_0122211200:28):42):38):44):55,(17_2111111011:93,20_1111111111:93):115);
s7_c2	0.5	18	9	(((((216_1:2,216_2:2):44,(216_3:2,216_4:2):44):43,((216_5:4,216_6:4):46,(216_7:12,216_8:12):38):39):48,((216_9:40,216_10:40):49,(216_11:36,216_12:36):53):49):39,((216_13:65,216_14:65):69,((216_15:22,216_16:22):55,(216_17:30,216_18:30):47):56):44);	((((1_0112212221:2,2_0112212221:2):44,4_0112212221:46):43,(5_0112212221:50,(7_0112212221:12,8_0112212221:12):38):39):48,(9_2122212221:89,(11_2112212021:36,12_2112212221:36):53):49);
s7_c3	0.79	34	27	(((109_5:32,109_6:32):40,(((216_33:40,216_34:40):54,(193_21:18,194_21:19):53):45,(127_10:3,127_11:3):48):38):34,(((((216_1:20,216_2:20):31,(216_3:18,216_4:18):33):40,((216_5:8,216_6:8):40,(216_7:4,216_8:4):44):43):44,(((216_9:13,216_10:13):35,(216_11:15,216_12:15):33):45,((216_13:15,216_14:15):36,(216_15:12,216_16:12):39):42):42):38,((((216_17:24,216_18:24):29,(216_19:24,216_20:24):29):35,((216_21:14,216_22:14):36,(216_23:18,216_24:18):32):38):44,(((216_25:9,216_26:9):31,(216_27:5,216_28:5):35):41,((216_29:9,216_30:9):38,(216_31:15,216_32:15):32):34):51):41):37);	((1_2111111121:40,2_2111111121:40):171,(((((3_0112112221:20,4_0112111221:20):31,(5_0110112221:18,6_0110112221:18):33):40,((7_0112111221:8,8_0112111221:8):40,(9_2112111121:4,10_0112111121:4):44):43):44,(((11_0111111121:13,12_0111111121:13):35,(13_0111111101:15,14_0111111121:15):33):45,((15_0111111121:15,16_0111111121:15):36,(17_0111111121:12,19_0111111121:12):39):42):42):38,(((21_1111111111:53,22_1111111111:53):35,((23_1111111111:14,26_1111111111:14):36,28_1111111111:50):38):44,((31_2111111111:40,32_2111111111:40):41,(33_1111111111:15,34_1111111111:15):66):51):41):37);
s7_c5	0.87	15	13	((((216_5:42,(216_6:0,216_7:0):41):57,((216_8:5,216_9:5):43,(216_10:8,216_11:8):40):50):69,(190_10:80,((216_12:7,216_13:7):48,(216_14:10,216_15:10):45):49):63):44,(((216_1:28,216_2:28):43,(216_3:29,216_4:29):42):94,(186_3:63,193_5:70):73):47);	((((3_0100210021:42,(4_2110210001:0,5_0110210001:0):41):57,((6_2212211221:5,7_2220211021:5):43,(8_0212211021:8,9_2220211021:8):40):50):69,((10_0111211221:7,11_0111211221:7):48,(12_0111211221:10,13_0110211221:10):45):112):44,(14_0100000101:29,15_0000000101:29):183);
s7_c6	0.67	6	4	(((216_1:62,216_2:62):91,(216_3:67,216_4:67):86):60,((216_5:56,216_6:56):104,104_4:49):53);	(((1_0000002201:62,2_0000001221:62):91,4_1112110011:153):60,5_1111110101:213);
s8_c1	1	12	12	(((216_1:47,216_2:47):94,((216_3:12,216_4:12):45,(216_5:7,216_6:7):50):83):46,(((216_7:17,216_8:17):57,(216_9:21,216_10:21):53):63,(216_11:18,216_12:18):120):49);	(((1_2000000021:47,2_2000000021:47):94,((3_2100000221:12,4_2100000221:12):45,(5_2100000221:7,6_2100000221:7):50):83):46,(((7_0010012200:17,8_0010012200:17):57,(9_0000212200:21,10_0000212200:21):53):63,(11_0000212201:18,12_0000212201:18):120):49);
s8_c2	0.6	10	6	(((130_1:21,131_1:22):53,((216_1:38,216_2:38):56,(216_3:33,216_4:33):61):65):46,(((216_5:14,216_6:14):58,(216_7:17,216_8:17):55):81,((205_9:15,205_10:15):55,(216_9:24,216_10:24):57):72):52);	(((1_0122011200:38,2_0122011200:38):56,(3_2122012200:33,4_2122012200:33):61):111,(9_0100111201:24,10_0100111201:24):181);
s8_c3	0.88	17	15	(((((216_1:12,216_2:12):41,(216_3:13,216_4:13):40):46,((216_5:7,216_6:7):46,(216_7:8,216_8:8):45):46):52,(((216_9:2,216_10:2):43,216_11:46):45,((216_12:1,216_13:1):41,(216_14:0,216_15:0):42):48):61):53,(((206_11:35,216_16:45):52,(215_16:45,216_17:46):51):61,(149_7:31,151_7:33):61):47);	((((1_0111112221:12,2_0111112221:12):41,(3_0111112221:13,4_0111112221:13):40):46,((5_1110012221:7,6_1110012021:7):46,(7_0110112221:8,8_0110112221:8):45):46):52,(((9_2211012221:2,10_2211012221:2):43,11_2211012221:46):45,((12_2111010121:1,13_2111010121:1):41,(14_2111010121:0,15_2111010121:0):42):48):61);
s8_c4	0.8	20	16	((((216_1:30,216_2:30):56,(216_3:32,216_4:32):54):52,((216_5:25,216_6:25):49,(216_7:26,216_8:26):48):64):42,(((216_9:38,(216_10:1,216_11:1):36):45,((216_12:1,216_13:1):40,(216_14:5,216_15:5):36):41):57,(((216_16:0,216_17:0):38,216_18:39):46,(216_19:15,216_20:15):70):55):40);	((((1_0122212201:30,2_0122212201:30):56,(3_0022212201:32,4_0022212201:32):54):52,((5_0122210201:25,6_0122210201:25):49,8_0122212200:74):64):42,(((9_2112011221:38,11_2112111221:37):45,(14_2112011221:5,15_2112011221:5):77):57,(((16_2112010201:0,17_2112010201:0):38,18_2112010201:39):46,(19_2112010201:15,20_2112010201:15):70):55):40);
s8_c5	0.66	35	23	(((((216_1:20,216_2:20):51,(216_3:28,216_4:28):43):52,((216_5:41,(216_6:4,216_7:4):36):38,(216_8:37,(216_9:1,216_10:1):35):42):44):43,(((216_11:5,216_12:5):50,(216_13:10,216_14:10):45):52,((216_15:3,216_16:3):50,216_17:54):54):59):45,((((216_18:30,216_19:30):43,(216_20:33,216_21:33):40):50,((216_22:19,216_23:19):49,(216_24:21,216_25:21):47):55):50,(((216_26:36,216_27:36):38,(216_28:23,216_29:23):51):52,(((216_30:0,216_31:0):37,(216_32:4,216_33:4):33):37,(216_34:32,216_35:32):43):51):47):38);	((3_0110211021:123,((5_2110111101:41,(6_2110111101:4,7_2110111101:4):36):38,(8_2111111111:37,(9_2111011121:1,10_2111011121:1):35):42):44):88,((((18_1110111211:30,19_1110111211:30):43,(20_2110111121:33,21_1110112121:33):40):50,((22_2112111111:19,23_1112011211:19):49,(24_2112011201:21,25_2112011201:21):47):55):50,((26_2110111121:36,27_2110111121:36):90,(((30_0110011221:0,31_0110011221:0):37,(32_0110111221:4,33_0110111221:4):33):37,(34_2112011101:32,35_2112012101:32):43):51):47):38);
s8_c6	0.91	32	29	(((((216_1:11,216_2:11):33,(216_3:10,216_4:10):34):45,((216_5:3,216_6:3):40,(216_7:4,216_8:4):39):46):46,(((216_9:7,216_10:7):37,(216_11:9,216_12:9):35):42,((216_13:5,216_14:5):36,(216_15:2,216_16:2):39):45):49):44,((((216_17:12,216_18:12):36,(216_19:12,216_20:12):36):42,((216_21:7,216_22:7):40,(216_23:15,216_24:15):32):43):47,(((216_25:18,216_26:18):33,(216_27:11,216_28:11):40):40,((216_29:13,216_30:13):39,(216_31:14,216_32:14):38):39):46):42);	(((((1_2100101000:11,2_2112111111:11):33,(3_2111111011:10,4_2111111111:10):34):45,((5_1110011201:3,6_1110011201:3):40,(7_1100111211:4,8_1100111211:4):39):46):46,(((9_1111110121:7,10_1111110121:7):37,(11_1111110121:9,12_1111110121:9):35):42,((13_1111110221:5,14_1111110221:5):36,16_1111111211:41):45):49):44,((((17_2101221221:12,18_2121221221:12):36,20_2121221011:48):42,(21_1100011201:47,(23_1102012221:15,24_1102012221:15):32):43):47,(((25_2120011021:18,26_2120011021:18):33,(27_2120011021:11,28_2120011021:11):40):40,((29_0110211021:13,30_0110211021:13):39,(31_0110211021:14,32_0110211021:14):38):39):46):42);
s9_c1	0.77	22	17	(((((216_1:9,216_2:9):63,(216_3:22,216_4:22):50):35,((211_5:16,209_6:14):42,(216_5:24,216_6:24):39):44):45,(((216_7:19,216_8:19):43,(216_9:25,216_10:25):37):43,((216_11:21,216_12:21):38,(216_13:21,216_14:21):38):46):47):54,(116_5:52,(((216_15:25,216_16:25):39,(216_17:21,216_18:21):43):40,((216_19:29,216_20:29):36,(216_21:30,216_22:30):35):39):45):57);	(((((1_2110111221:9,2_2110111221:9):63,(3_2110111221:22,4_2110111221:22):50):35,(5_2110111121:24,6_2110111121:24):83):45,(((7_1111111101:19,8_1110111111:19):43,(9_1111111111:25,10_1111111111:25):37):43,((11_1111110101:21,12_1111110101:21):38,13_1112111101:59):46):47):54,((15_0120212201:25,16_0120212201:25):79,(19_0100212201:29,20_0120212201:29):75):102);
s9_c2	0.75	20	15	((((216_1:37,216_2:37):53,(216_3:38,216_4:38):52):57,(((216_5:11,216_6:11):35,(216_7:2,216_8:2):44):49,((216_9:6,216_10:6):42,(216_11:6,216_12:6):42):47):51):57,(((216_13:16,216_14:16):64,(216_15:0,216_16:0):80):61,((216_17:22,216_18:22):61,(216_19:31,216_20:31):52):58):63);	((((1_2111112001:37,2_1111011101:37):53,3_0101210021:90):57,(((5_1111102001:11,6_1111110121:11):35,(7_1111111111:2,8_1111111111:2):44):49,(9_1101000011:48,11_1111111111:48):47):51):57,((13_1110111221:80,(15_1111111211:0,16_1111111211:0):80):61,((17_0100212221:22,18_0100212000:22):61,19_0110211221:83):58):63);
s9_c3	0.76	34	26	(((((216_1:30,216_2:30):44,(216_3:29,216_4:29):45):42,((216_5:28,216_6:28):40,(216_7:20,216_8:20):48):48):56,(((216_9:30,216_10:30):49,((216_11:6,216_12:6):35,(216_13:7,216_14:7):34):37):45,((216_15:30,216_16:30):49,(216_17:28,216_18:28):51):45):48):39,((((216_19:37,216_20:37):45,(216_21:34,216_22:34):48):48,((216_23:36,216_24:36):42,(216_25:26,216_26:26):52):52):44,(((216_27:40,216_28:40):44,(216_29:42,216_30:42):42):48,((216_31:30,216_32:30):50,(216_33:27,216_34:27):53):52):42):37);	(((((1_2112011221:30,2_2112211200:30):44,(3_2112211200:29,4_2112211200:29):45):42,((5_2122012221:28,6_2102012221:28):40,8_2122012221:68):48):56,(((11_2110211221:6,12_2110211221:6):35,(13_2110011221:7,14_2110011221:7):34):82,(15_2110111001:79,(17_2110111001:28,18_2110111001:28):51):45):48):39,((((19_2110211021:37,20_2122211021:37):45,(21_2112211021:34,22_2102011021:34):48):48,((23_2112212221:36,24_2112212221:36):42,(25_0122212221:26,26_0122211221:26):52):52):44,((27_0102111001:40,28_0102212001:40):44,(29_1100212001:42,30_1100211001:42):42):90):37);
s9_c4	0.71	31	22	(((((216_1:38,216_2:38):46,(216_3:45,(216_5:3,216_4:3):41):39):49,(((216_6:4,216_7:4):42,(216_8:3,216_9:3):43):39,((216_10:1,216_11:1):42,(216_12:4,216_13:4):39):42):47):47,((190_9:42,194_9:46):54,164_7:71):59):31,((((216_14:35,216_15:35):45,(216_16:37,216_17:37):43):53,((216_18:23,216_19:23):52,(216_20:36,216_21:36):39):58):45,(((216_22:32,216_23:32):52,(216_24:31,216_25:31):53):50,((216_26:36,216_27:36):51,((216_28:2,216_29:2):37,(216_30:0,216_31:0):39):47):47):44):33);	(((1_1112111111:84,(3_1112111001:45,(4_2110111211:3,5_1112111111:3):41):39):49,(((6_1111111111:4,7_1111111111:4):42,(8_2111111111:3,9_2111111111:3):43):39,(10_1111111001:43,(12_1111110111:4,13_2110111001:4):39):42):47):78,((14_1110111121:35,15_1110111121:35):143,(((22_2100002000:32,23_2100000001:32):52,25_1111102001:84):50,((26_1110111121:36,27_1112111121:36):51,((28_1111112201:2,29_1111112201:2):37,(30_1111110201:0,31_1111112201:0):39):47):47):44):33);
s9_c5	0.53	30	16	(((((216_1:7,216_2:7):46,(216_3:9,216_4:9):44):55,((216_5:23,216_6:23):39,(216_7:19,216_8:19):43):46):60,(((216_9:9,216_10:9):41,(216_11:4,216_12:4):46):54,((216_13:2,216_14:2):44,216_15:47):58):64):43,((((216_16:0,216_17:0):49,216_18:50):65,((216_19:10,216_20:10):42,(216_21:12,216_22:12):40):62):53,(((216_23:31,216_24:31):36,(216_25:24,216_26:24):43):44,((216_27:23,216_28:23):36,(216_29:23,216_30:23):36):52):56):44);	(((((1_1111000011:7,2_0111111111:7):46,(3_1111111111:9,4_1111111111:9):44):55,((5_1111111001:23,6_1102010010:23):39,7_1111111101:62):46):60,((13_2110111211:2,14_2110111211:2):44,15_2110111211:47):122):43,((23_1111111101:31,24_1111111021:31):80,((27_1111111000:23,28_0102001011:23):36,(29_1111111100:23,30_2100000000:23):36):52):100);
s9_c6	0.75	4	3	(132_1:78,((216_1:32,216_2:32):39,(216_3:30,216_4:30):41):89);	(2_2100011021:71,(3_0112211221:30,4_0112211221:30):41);
